Dung Dแปch Tแบฉy da chแบฟt hoรก hแปc BHA 2% dแบกng lแปng,Mแบซu thแปญ 10ml,89000,5,Chแบฅt lฦฐแปฃng tแปt. Shop uy tรญn . Bha tแบฉy sแบกch da. ฤแปก mแปฅn แบฉn nรชn m tiแบฟp tแปฅc dรนng๐๐๐๐๐๐๐๐๐๐
Dung Dแปch Tแบฉy da chแบฟt hoรก hแปc BHA 2% dแบกng lแปng,Mแบซu thแปญ 5ml,59000,5,giao ฤแปง hรng. mask ฤแป tแปง r nรชn mรฌnh lฦฐแปi lแบฅy .-. hรชn la k kรญch แปฉng sau khi dรนng thแบฅy da mแบทt mแปn hฦกn nhรฌu nma kb co ฤแบฉy hแบฟt mแปฅn cรกm vแปi sแปฃi bรฃ nhแปn dc ko. mask chฦฐa dรนng nรชn k rv ฤฦฐแปฃc :((
Dung Dแปch Tแบฉy da chแบฟt hoรก hแปc BHA 2% dแบกng lแปng,Mแบซu thแปญ 10ml,87000,5,mรฌnh chฦฐa dรนng nรชn ko bt spham thแบฟ nรo nhฦฐng ฦฐng cรกch chiแบฟt vแปi gรณi ฤแป cแปงa shop thแปฑc sแปฑ. bแปc hรng cแบฉn thแบญn mร lแป chiแบฟt ฤa dแบกng xinh lแบฏm ii
Dung Dแปch Tแบฉy da chแบฟt hoรก hแปc BHA 2% dแบกng lแปng,Mแบซu thแปญ 10ml,89000,5,Lแบงn thแปฉ n แปงng hแป shop rแปi hรng hรณa vแบซn tแปt nhฦฐ lแบงn ฤแบงu Xin lแปi vรฌ hรฌnh แบฃnh vร video khรดng liรชn quan. 
Dung Dแปch Tแบฉy da chแบฟt hoรก hแปc BHA 2% dแบกng lแปng,Mแบซu thแปญ 10ml,87000,5,Gdjssklsncchpfogogdclsvpjavphaslvzvljlzjbskchzlbcslhcbczclvzlb lcbzlvbxlvbxlbvzlbcz
Dung Dแปch Tแบฉy da chแบฟt hoรก hแปc BHA 2% dแบกng lแปng,Mแบซu thแปญ 10ml,89000,5,Giao hang nhanh lam :))) ฤแบทt cรณ mแบซu dรนng thแปญ xรญu xiu mร vแบซn ฤc tแบทng mแบทt nแบก nรฉn nรจ :)))
Dung Dแปch Tแบฉy da chแบฟt hoรก hแปc BHA 2% dแบกng lแปng,Mแบซu thแปญ 5ml,59000,5,mua แป shop lแบงn 3 r ฦฐng รฝ sแบฃn phแบฉm chiแบฟt lแบฏm แบก ๐๐๐ป๐๐ป๐๐ป๐๐ป๐๐๐ป๐๐ป๐๐๐๐๐ป๐๐๐ป๐๐๐ป๐๐๐ป๐๐๐๐kkk
Dung Dแปch Tแบฉy da chแบฟt hoรก hแปc BHA 2% dแบกng lแปng,Mแบซu thแปญ 10ml,88110,5,"Shop ฤรณng gรณi cแบฉn thแบญn, tแบทng 1 mแบทt nแบก nรฉn, hy vแปng trแป ฤc bแปn mแปฅn ฤแบงu ฤรฉn trรชn mลฉi"
Dung Dแปch Tแบฉy da chแบฟt hoรก hแปc BHA 2% dแบกng lแปng,Mแบซu thแปญ 30ml,189000,5,Chแบฅt lฦฐแปฃng sp oke  ฤรณng gรณi sp cx oke. Dรนng cรกi nรy cho vรนng dฦฐแปi cรกnh tay hแบฟt mรนi
Dung Dแปch Tแบฉy da chแบฟt hoรก hแปc BHA 2% dแบกng lแปng,Mแบซu thแปญ 10ml,89000,5,"Chแบฅt lฦฐแปฃng sแบฃn phแบฉm tuyแปt vแปi, ฤรณng gรณi sแบฃn phแบฉm rแบฅt ฤแบนp vร chแบฏc chแบฏn, thแปi gian giao hรng nhanh"
Dung Dแปch Tแบฉy da chแบฟt hoรก hแปc BHA 2% dแบกng lแปng,Mแบซu thแปญ 10ml,89000,5,Hรng giao ฤแบงy ฤแปง. Lแป chiแบฟt sแบกch sแบฝ. Shop bแปc hรng cแบฉn thแบญn lแบฏm nรชn khรดng cรณ bแป ฤแป hay vแปก gรฌ ฤรขu. Mua shop lแบงn 2 r แบก ^^
Dung Dแปch Tแบฉy da chแบฟt hoรก hแปc BHA 2% dแบกng lแปng,Mแบซu thแปญ 10ml,89000,5,Chแบฅt lฦฐแปฃng sแบฃn phแบฉm tแปt ฤรณng gรณi sแบฃn phแบฉm cแบฉn thแบญn Thแปi gian giao hรng nhanh
Dung Dแปch Tแบฉy da chแบฟt hoรก hแปc BHA 2% dแบกng lแปng,Mแบซu thแปญ 20ml,149000,5,Shbsnsbsvsnskjsbsvsbsjsjbshs giao hรng nhanh ฤรณng gรณi cแบฉn thแบญn vร chแบฏc chแบฏnnzbzbzbzb
Dung Dแปch Tแบฉy da chแบฟt hoรก hแปc BHA 2% dแบกng lแปng,Mแบซu thแปญ 10ml,89000,5,Giao hรng nhanh. ฤรณng gรณi sp chแบฏc chแบฏn. Chแบฅt lฦฐแปฃng chฦฐa dรนng nรชn chฦฐa biแบฟt 
Dung Dแปch Tแบฉy da chแบฟt hoรก hแปc BHA 2% dแบกng lแปng,Mแบซu thแปญ 5ml,59000,5,Giao hรng nhanh hรng nhฦฐ hรฌnh . Gรณi hรng cแบฉn thแบญn. Dรนng xong da mแปn phแบฟt
Dung Dแปch Tแบฉy da chแบฟt hoรก hแปc BHA 2% dแบกng lแปng,Minisize hรฃng 30ml,249000,5,ฤรณng gรณi cแบฉn thแบญn chแบฏc chแบฏn. Thแบฅy mng rv shop bรกn auth nรชn cลฉng tin tฦฐแปng
Dung Dแปch Tแบฉy da chแบฟt hoรก hแปc BHA 2% dแบกng lแปng,Mแบซu thแปญ 5ml,58410,5,"Lร hรng chiแบฟt nhฦฐng shop chuแบฉn bแป hรng vร giao hรng khรก lร nhanh, cรฒn ฤฦฐแปฃc tแบทng kรจm mask giแบฅy nแปฏa "
Dung Dแปch Tแบฉy da chแบฟt hoรก hแปc BHA 2% dแบกng lแปng,Mแบซu thแปญ 20ml,147510,5,Mua hรng cแปงa shop lรบc nรo cลฉng yรชn tรขm dnekskjsdndndkdkdkdj ฤรณng gรณi kแปน
